﻿<?xml version="1.0" encoding="utf-8"?>
<page>
  <title>Page_Word</title>
  <id>Topic1Page1</id>
  <type>no_test</type>
  <init_required>false</init_required>
  <unload_required>false</unload_required>
  <graphics_location crewpad="10153_HTMLTemplate_forcrewpad.htm">10153_HTMLTemplate.htm</graphics_location>
  <completion>all</completion>
  <metadata>
    <language>EN</language>
    <description>
    </description>
    <keywords>
    </keywords>
    <date>13-11-2014</date>
    <duration>15:04:21</duration>
    <version>1.0</version>
    <generator>
    </generator>
    <package_id>
    </package_id>
    <rights>Pelesys Learning Systems Inc.</rights>
    <content_folder>EN:content</content_folder>
  </metadata>
  <data>
  </data>
  <sections>
    <section>
      <id>s1</id>
      <audio_location>s1_10153_0.mp3</audio_location>
      <audio_text>
      </audio_text>
      <advance>auto</advance>
    </section>
    <section>
      <id>s2</id>
      <audio_location>s2_10153_1.mp3</audio_location>
      <audio_text>上次系统部署后遗留问题追踪</audio_text>
      <instruction>
      </instruction>
      <completion>audio</completion>
      <advance>auto</advance>
      <jumpTo>
      </jumpTo>
    </section>
    <section>
      <id>s3</id>
      <audio_location>s3_10153_2.mp3</audio_location>
      <audio_text>
      </audio_text>
      <advance>auto</advance>
    </section>
    <section>
      <id>s4</id>
      <audio_location>s4_10153_3.mp3</audio_location>
      <audio_text>上次系统部署后遗留问题追踪</audio_text>
      <instruction>
      </instruction>
      <completion>audio</completion>
      <advance>auto</advance>
      <jumpTo>
      </jumpTo>
    </section>
    <section>
      <id>s5</id>
      <audio_location>s5_10153_4.mp3</audio_location>
      <audio_text>
      </audio_text>
      <advance>auto</advance>
    </section>
    <section>
      <id>s6</id>
      <audio_location>s6_10153_5.mp3</audio_location>
      <audio_text>如果梵蒂冈</audio_text>
      <instruction>
      </instruction>
      <completion>audio</completion>
      <advance>auto</advance>
      <jumpTo>
      </jumpTo>
    </section>
  </sections>
  <actions>
  </actions>
</page>